balanced_accuracy,f1_score,precision,recall,model,dataset
0.8396909233176839,0.8452830188679246,0.8175182481751825,0.875,CharCNN,simple
0.8338327709311424,0.8384644621816799,0.8164322723908216,0.86171875,CharCNN,lemmatized
0.8400986649061033,0.8423892100192678,0.8311787072243346,0.85390625,CharCNN,stemmed
