balanced_accuracy,f1_score,precision,recall,model,dataset
0.81819309956964,0.8237968927624101,0.7998528329654158,0.84921875,WordCNN,simple
0.8096030174100157,0.8130518234165067,0.7992452830188679,0.82734375,WordCNN,lemmatized
0.8201511150234742,0.8249619482496195,0.8041543026706232,0.846875,WordCNN,stemmed
