balanced_accuracy,f1_score,precision,recall,model,dataset
0.8033725792253521,0.8007920792079207,0.8120481927710843,0.78984375,WordGRU,simple
0.8131253667840376,0.8155864197530864,0.805640243902439,0.82578125,WordGRU,lemmatized
0.8240365805946792,0.8337028824833703,0.791023842917251,0.88125,WordGRU,stemmed
