balanced_accuracy,f1_score,precision,recall,model,dataset
0.8181882091158059,0.8248587570621468,0.7963636363636364,0.85546875,WordCNN+GRU,simple
0.8197562108763694,0.825444907232109,0.8008817046289493,0.8515625,WordCNN+GRU,lemmatized
0.8224863067292645,0.8294515401953418,0.7988422575976846,0.8625,WordCNN+GRU,stemmed
